length , start  , read   , filter , measure , tagging , sort   , end
2, 960, 3711, 3922, 4128, 4333, 5212, 5414
3, 419, 965, 1171, 1404, 1620, 1829, 2062
4, 340, 654, 886, 1105, 1322, 1582, 1792
5, 629, 1081, 1363, 1594, 1834, 2061, 2278
6, 608, 1094, 1288, 1478, 1665, 1850, 2051
7, 607, 1094, 1277, 1463, 1646, 1827, 2063
8, 273, 562, 741, 932, 1107, 1334, 1506
9, 464, 792, 982, 1173, 1368, 1559, 1756
11, 293, 510, 691, 884, 1063, 1242, 1415
10, 32766, 33269, 33575, 33858, 34109, 34361, 34590
12, 518, 1084, 1279, 1466, 1658, 1849, 2046
13, 266, 497, 689, 881, 1061, 1238, 1411
14, 208, 426, 610, 802, 981, 1159, 1335
15, 195, 394, 578, 770, 979, 1161, 1336
16, 197, 406, 893, 1090, 1264, 1468, 1643
17, 197, 405, 591, 780, 960, 1139, 1312
18, 553, 1261, 1455, 1640, 1829, 2020, 2219
19, 447, 768, 966, 1150, 1334, 1518, 1715
20, 258, 491, 666, 849, 1021, 1192, 1360
21, 203, 436, 615, 793, 972, 1149, 1324
1, 3792, 6678, 8166, 9636, 11296, 12791, 14540
2, 3301, 6816, 7221, 7427, 7624, 10891, 11612
3, 984, 4090, 4281, 4470, 4865, 5055, 5254
4, 2522, 4980, 5200, 5417, 5655, 5944, 6166
5, 572, 1424, 1649, 1892, 2149, 2398, 2643
6, 703, 1484, 1703, 2278, 2489, 2699, 2903
1, 3685, 6921, 8624, 10332, 12043, 13548, 15237
2, 1093, 3119, 3328, 3849, 4274, 4484, 4691
3, 1694, 70106, 71076, 71833, 72658, 73398, 74150
4, 3283, 5916, 7305, 8541, 9841, 10993, 12216
5, 807, 2451, 2670, 2875, 3744, 3941, 4140
6, 1786, 6088, 6383, 6607, 6842, 8389, 8608
7, 637, 2138, 2508, 2732, 2942, 3166, 3376
8, 610, 1701, 1924, 2124, 2326, 2610, 2808
9, 557, 1339, 1554, 1761, 1987, 2198, 2470
10, 449, 816, 1081, 1320, 1545, 1760, 2014
11, 237680, 241607, 243334, 244643, 245943, 247240, 248584
12, 785, 2954, 3163, 3371, 3585, 3794, 4120
11, 599, 2192, 2419, 2825, 3016, 3211, 3402
10, 499, 2551, 2736, 2923, 3104, 3289, 3943
1, 4191, 7765, 9621, 11343, 13145, 14865, 16606
2, 3187, 5928, 7514, 8830, 10138, 11472, 12901
3, 1063, 2198, 2388, 2718, 2950, 3138, 3337
4, 815, 1555, 1895, 2186, 2496, 2808, 3190
5, 700, 1475, 1689, 1917, 2134, 2374, 2585
6, 675, 1372, 1872, 2096, 2300, 2511, 2718
7, 695, 1451, 1690, 1922, 2123, 2337, 2544
8, 591, 1307, 1516, 1719, 1996, 2236, 2433
9, 526, 1508, 1733, 1942, 2142, 2355, 2557
10, 687, 1534, 1762, 1979, 2186, 2396, 2609
11, 3613, 6696, 8599, 10207, 11862, 13348, 14998
12, 2508, 5347, 6774, 8112, 9457, 10671, 11921
13, 642, 2283, 2503, 2692, 2885, 3073, 3274
14, 470, 790, 985, 1185, 1373, 1564, 1765
15, 545, 1115, 1328, 1516, 1697, 1883, 2074
1, 3880, 7260, 8913, 10421, 12159, 13645, 15203
2, 752, 1723, 1993, 2185, 2376, 2667, 2845
3, 534, 1332, 1523, 1712, 1899, 2088, 2286
4, 458, 805, 996, 1183, 1366, 1556, 1757
5, 701, 2156, 2596, 2839, 3126, 3415, 3641
6, 465, 789, 981, 1172, 1360, 1545, 1743
7, 452, 786, 975, 1165, 1354, 1546, 1745
8, 1433, 2936, 3129, 3319, 3509, 3698, 3899
9, 567, 1211, 1402, 1594, 1781, 2572, 2776
10, 1198, 2989, 3224, 3430, 3635, 4073, 4723
11, 559, 1446, 1690, 1946, 2319, 2563, 3358
12, 1153, 4373, 4585, 4788, 4980, 5172, 5880
1, 2977, 5666, 7149, 8435, 9776, 10918, 12126
2, 3320, 4559, 4756, 4947, 5289, 5477, 5672
3, 1280, 2724, 2914, 3151, 5110, 5324, 5530
4, 4620, 7477, 7930, 9323, 9709, 11888, 12110
5, 706, 2204, 2395, 2588, 2782, 2972, 3171
6, 546, 1865, 2057, 2248, 2428, 2606, 2782
7, 396, 835, 1011, 1202, 1376, 1552, 1725
8, 1409, 2652, 2844, 3036, 3222, 3464, 3664
9, 713, 2056, 2306, 2524, 2737, 2960, 3164
10, 413, 926, 1183, 1424, 1712, 1963, 2202
11, 377, 757, 1081, 1310, 1556, 1828, 2091
12, 463, 780, 1033, 1273, 1498, 1708, 1936
13, 388, 741, 1007, 1265, 1525, 1774, 2004
14, 655, 2874, 3090, 3285, 3480, 3923, 4123
15, 724, 1368, 1726, 1946, 2170, 2376, 2571
16, 456, 856, 1046, 1237, 1420, 1607, 1802
1, 3360, 6074, 7681, 9124, 10365, 11707, 12915
2, 800, 2135, 2327, 2523, 2714, 2904, 3391
3, 555, 1623, 1820, 2013, 2207, 2411, 2612
4, 559, 1020, 1216, 1408, 1596, 1782, 1983
5, 459, 752, 943, 1134, 1322, 1511, 1712
6, 650, 3483, 3698, 3897, 4089, 5455, 5657
7, 602, 3964, 4163, 4361, 4555, 4924, 5128
8, 668, 2562, 2756, 2951, 3139, 4598, 4797
9, 680, 1375, 1576, 1765, 1955, 2145, 2344
10, 274, 604, 785, 964, 1147, 1324, 1502
11, 509, 1864, 2049, 2232, 2415, 2594, 2786
12, 5985, 7431, 7638, 7821, 8097, 8270, 8439
13, 446, 781, 969, 1150, 1336, 1517, 1712
14, 366, 668, 909, 1156, 1360, 1578, 1800
15, 204, 420, 596, 775, 946, 1118, 1284
16, 576, 1201, 1390, 1578, 1765, 1959, 2136
17, 255, 461, 640, 810, 982, 1159, 1328
18, 456, 744, 932, 1122, 1304, 1486, 1681
19, 223, 435, 623, 807, 995, 1176, 1350
20, 457, 767, 955, 1146, 1327, 1506, 1695
21, 285, 549, 731, 914, 1096, 1272, 1444
1, 1455, 2588, 3088, 3620, 4126, 4630, 5144
2, 1975, 3777, 4016, 4238, 4448, 4665, 4879
3, 917, 2014, 2221, 2429, 2639, 2837, 3038
4, 541, 1127, 1364, 1583, 1837, 2043, 2251
5, 657, 1301, 1519, 1732, 1940, 2164, 2386
6, 618, 1235, 1450, 1741, 2036, 2322, 2588
7, 500, 1156, 1392, 1594, 1819, 2038, 2261
8, 488, 1014, 1248, 1492, 1733, 2002, 2264
9, 1720, 3371, 3837, 4084, 4294, 4508, 4708
10, 558, 1433, 14257, 14585, 14824, 15072, 15350
11, 415, 904, 1161, 1406, 1625, 1876, 2142
12, 648, 4141, 4672, 4885, 5096, 5303, 5505
13, 669, 1665, 1953, 2168, 2435, 2648, 2884
1, 810, 1700, 2025, 2302, 2571, 2850, 3123
2, 1458, 3826, 4066, 4285, 4496, 4874, 5534
3, 1276, 2170, 2652, 2855, 3083, 3297, 3500
4, 694, 1969, 2296, 2539, 2794, 3076, 3347
5, 399, 807, 1044, 1271, 1495, 1720, 1942
6, 719, 2403, 2597, 2794, 2989, 3181, 3381
7, 520, 1143, 1337, 1527, 1719, 1920, 2122
8, 623, 2198, 2391, 2582, 2768, 3029, 3232
9, 1109, 1952, 2218, 2485, 2734, 3827, 4081
10, 251, 588, 844, 1091, 1319, 1528, 1722
11, 733, 1119, 1359, 1593, 1807, 2035, 2267
12, 915, 1897, 2083, 2366, 2549, 2729, 2921
13, 558, 1279, 1470, 1650, 1836, 2018, 2215
1, 3092, 5750, 7111, 8430, 9891, 11236, 12591
2, 2987, 5415, 6875, 8097, 9325, 10466, 11633
3, 564, 1787, 1982, 2179, 3178, 3368, 3565
4, 607, 1375, 1557, 1745, 1922, 2098, 2268
5, 433, 754, 948, 1143, 1335, 1518, 1715
6, 533, 958, 1226, 1489, 1758, 2013, 2250
7, 550, 1211, 1420, 1620, 1828, 2036, 2233
8, 1514, 2804, 3441, 4076, 4716, 5321, 5930
9, 527, 1372, 1566, 1757, 1949, 2136, 2338
10, 474, 775, 964, 1160, 1344, 1534, 1736
11, 467, 762, 957, 1149, 1341, 1528, 1724
12, 499, 1544, 1728, 1912, 2094, 2280, 2513
13, 428, 724, 915, 1102, 1294, 1479, 1673
1, 1776, 3116, 3708, 4340, 4884, 5459, 6074
2, 1766, 3389, 4498, 4704, 4908, 5120, 6327
3, 841, 3722, 4354, 4565, 4792, 4995, 5197
4, 895, 1786, 2023, 2250, 2469, 2687, 2893
5, 753, 1567, 1914, 2255, 2922, 3125, 3330
6, 3356, 6342, 7736, 9061, 10289, 11539, 12766
7, 778, 2646, 2833, 3017, 3204, 3839, 4030
8, 615, 1235, 1432, 1627, 1823, 2011, 2214
9, 501, 1372, 1568, 1762, 1955, 2148, 2353
10, 576, 1415, 1610, 1803, 1995, 2191, 2396
11, 484, 1179, 1813, 2002, 2184, 2375, 2579
12, 706, 1431, 1638, 1850, 2342, 2535, 2763
1, 3131, 5863, 7392, 8708, 9933, 11193, 12559
2, 712, 1788, 1977, 2167, 2357, 2540, 2737
3, 619, 1435, 1642, 1834, 2026, 2214, 2481
4, 1000, 1885, 2225, 2557, 2802, 3062, 3334
5, 392, 1204, 1436, 1650, 1847, 2053, 2286
6, 239, 480, 664, 855, 1030, 1206, 1420
7, 220, 420, 603, 797, 974, 1167, 1355
1, 814, 1637, 2012, 2231, 2652, 2862, 3086
2, 2413, 4377, 5469, 6555, 7517, 8430, 9446
3, 3213, 5921, 7290, 8651, 9907, 11051, 12192
4, 526, 1104, 1348, 1555, 1786, 2002, 2222
5, 3158, 6041, 7449, 8772, 10132, 11498, 12865
1, 3764, 7172, 9153, 10778, 12364, 14224, 15749
2, 535, 2741, 2934, 3118, 3440, 3624, 3821
3, 873, 1834, 2211, 2530, 3193, 3461, 3732
4, 3015, 5580, 7006, 8262, 9662, 11056, 12323
5, 683, 1236, 1429, 1619, 1811, 2002, 2209
6, 594, 2172, 2366, 2553, 2748, 2938, 3139
7, 562, 1739, 1928, 2114, 2300, 2486, 2683
1, 3883, 7433, 9246, 10901, 12584, 14215, 15884
2, 934, 2527, 2723, 2917, 3109, 3302, 3503
3, 684, 1473, 1712, 1970, 2311, 2532, 2747
4, 917, 1900, 2446, 2815, 3187, 3553, 3948
5, 638, 1831, 2023, 2209, 2396, 2585, 2784
6, 674, 1605, 1801, 1998, 2189, 2377, 2580
7, 613, 1257, 1449, 1640, 1831, 2020, 2221
8, 3738, 7019, 8588, 10196, 11857, 13440, 15189
9, 491, 2896, 3115, 3325, 3530, 3743, 3953
10, 642, 1383, 1694, 1942, 2159, 2389, 2629
11, 1554, 3929, 4136, 4378, 4697, 4902, 5236
12, 670, 1744, 1965, 2173, 2382, 2598, 3033
13, 617, 1357, 1551, 1729, 1905, 2076, 2253
14, 2746, 5864, 6109, 6298, 6473, 6648, 6855
15, 666, 1413, 1874, 2120, 2336, 2567, 2945
1, 3583, 6475, 7933, 9281, 10564, 11874, 13257
2, 3294, 5941, 7640, 9193, 10473, 11865, 13217
3, 773, 2527, 2718, 2912, 3101, 3285, 3486
4, 849, 2376, 2570, 2765, 2954, 3140, 3337
5, 938, 3063, 3250, 3438, 3621, 3915, 4520
6, 552, 1153, 1349, 1543, 1736, 1926, 2130
7, 550, 1182, 1403, 1595, 1783, 1970, 2172
8, 359, 969, 1146, 1337, 1514, 1689, 1878
9, 487, 1119, 1614, 1809, 1997, 2186, 2388
10, 481, 1141, 1330, 1518, 1698, 1877, 2066
11, 560, 1417, 1613, 1806, 1996, 2184, 2384
12, 317, 812, 1039, 1253, 2516, 2740, 2943
13, 526, 1312, 1509, 1702, 1898, 2089, 2287
14, 451, 810, 1005, 1200, 1399, 1583, 1784
1, 4000, 6799, 8601, 10190, 11862, 13481, 15237
2, 4056, 5857, 6071, 6282, 6496, 6713, 6918
3, 1201, 3075, 3416, 3679, 7603, 8229, 8696
4, 785, 1451, 1763, 2011, 2261, 2499, 2752
5, 878, 2436, 2648, 2859, 3066, 3303, 3520
6, 940, 1709, 2011, 2231, 2526, 2746, 2973
7, 383, 759, 1187, 1430, 1692, 1971, 2240
8, 377, 768, 1014, 1255, 1532, 1779, 2007
9, 583, 2303, 2515, 2717, 2918, 3395, 3596
10, 703, 1333, 1638, 1871, 2093, 2292, 2489
11, 359, 799, 1049, 1312, 1539, 1769, 2019
12, 368, 701, 951, 1199, 1436, 1681, 1906
13, 649, 1470, 1768, 1980, 2185, 2414, 2651
14, 534, 1249, 1498, 1747, 2043, 2279, 2508
15, 41743, 42606, 42962, 43213, 43522, 43793, 44005
16, 388, 735, 950, 1199, 1408, 1632, 1863
17, 427, 735, 952, 1184, 1421, 1627, 1840
18, 526, 1368, 1556, 1745, 1929, 2111, 2301
19, 339, 739, 949, 1153, 14132, 14323, 14526
20, 564, 1199, 1394, 1590, 1785, 1978, 2180
21, 457, 769, 957, 1148, 1332, 1519, 1719
22, 226, 442, 633, 821, 1007, 1201, 1379
23, 226, 446, 638, 822, 1000, 1195, 1369
24, 211, 484, 669, 853, 1038, 1233, 1410
1, 3283, 5750, 7041, 8244, 9482, 10621, 11815
2, 1095, 1803, 2113, 2440, 2661, 2936, 3154
3, 556, 1168, 1360, 1548, 1735, 1925, 2125
4, 368, 881, 1129, 1369, 1630, 1845, 2042
5, 548, 1109, 1303, 1493, 2735, 2932, 3132
6, 514, 1128, 1320, 1507, 1742, 1940, 2140
7, 664, 1781, 1997, 2201, 2389, 2577, 2773
8, 831, 1879, 3147, 3336, 3522, 3699, 3889
9, 293, 573, 768, 975, 1177, 1384, 1626
10, 264, 863, 1055, 1246, 1426, 1605, 1778
1, 2788, 5474, 7048, 55593, 57393, 58798, 60084
2, 5824, 8316, 9679, 11090, 12590, 13815, 14984
3, 1070, 3015, 3437, 3755, 4064, 4358, 4666
4, 536, 1107, 1302, 1494, 1682, 1869, 2066
5, 831, 2869, 3059, 3257, 3446, 3896, 4101
6, 531, 1024, 1217, 1402, 1583, 1770, 1969
7, 541, 1148, 1462, 1715, 1980, 2209, 2429
8, 380, 722, 969, 1193, 1409, 1634, 1850
9, 279, 523, 783, 1033, 1456, 1697, 1951
10, 443, 820, 1038, 1228, 1432, 1620, 1797
11, 564, 1060, 1243, 1451, 1631, 1834, 2012
12, 574, 2347, 2775, 2943, 3111, 3349, 3511
13, 622, 1769, 1947, 2122, 2294, 2477, 2648
14, 455, 773, 961, 1149, 1333, 1512, 1706
15, 494, 867, 1150, 1402, 1632, 1868, 2138
16, 704, 1238, 1469, 1682, 1937, 2167, 2384
17, 383, 919, 1168, 1416, 1628, 1850, 2090
18, 378, 768, 1003, 1261, 1575, 1813, 2060
19, 383, 810, 1197, 1454, 1702, 1933, 2188
20, 1022, 2223, 2422, 2634, 2837, 3053, 3266
21, 341, 717, 1159, 1417, 1710, 1945, 2174
22, 358, 774, 1081, 1292, 1497, 2373, 2606
23, 552, 1299, 1485, 1675, 1863, 2049, 2247
1, 680, 1224, 1413, 1604, 1792, 1979, 2176
2, 480, 924, 1140, 1385, 1644, 1875, 2137
3, 378, 727, 941, 1186, 1452, 1677, 1895
4, 3629, 6193, 7682, 9187, 10618, 12092, 13603
5, 1238, 2236, 2810, 3024, 3360, 3568, 3788
6, 1380, 2666, 3000, 3276, 3912, 4120, 4335
7, 571, 1228, 1517, 1777, 2453, 2750, 3077
8, 1882, 7267, 7497, 7724, 7972, 8199, 8411
9, 852, 1651, 1882, 2117, 2375, 2615, 2832
10, 653, 1572, 1804, 2018, 2255, 2474, 2724
11, 503, 1127, 1336, 1612, 1885, 2099, 2390
12, 465, 1091, 1283, 1472, 1668, 1856, 2058
13, 565, 1288, 1478, 1667, 1853, 2035, 2235
14, 443, 801, 985, 2065, 2251, 2431, 2609
1, 2932, 5463, 6763, 8023, 9210, 10398, 11710
2, 1125, 1961, 2184, 2397, 2639, 2859, 3080
3, 774, 1486, 1723, 1929, 2625, 2861, 3074
4, 402, 788, 1028, 1269, 1515, 1752, 1972
5, 431, 763, 960, 1158, 1351, 1543, 1741
6, 519, 1341, 1531, 1725, 1935, 2120, 2301
7, 394, 720, 913, 1109, 1301, 1494, 1703
8, 465, 954, 1170, 1367, 1573, 1785, 1990
9, 617, 1228, 1474, 1697, 1919, 2171, 2417
10, 464, 890, 1084, 1279, 1469, 1657, 1853
11, 453, 767, 960, 1150, 1336, 1524, 1722
12, 812, 1738, 2419, 2625, 2848, 3057, 3279
13, 533, 1708, 1905, 2089, 2268, 2443, 2631
14, 288, 538, 717, 907, 1086, 1281, 1454
15, 459, 764, 957, 1151, 1344, 1537, 1732
16, 577, 1378, 1563, 1748, 1930, 2117, 2305
17, 455, 786, 972, 1155, 1339, 1520, 1710
18, 556, 1053, 2122, 2382, 2626, 2837, 3295
19, 1708, 3224, 3904, 4477, 5065, 5641, 6237
20, 673, 4176, 4359, 4539, 4721, 4904, 5084
21, 497, 1155, 1335, 1515, 1692, 1871, 2059
22, 421, 725, 908, 1087, 1268, 1452, 1638
23, 453, 756, 938, 1124, 1414, 1599, 1798
1, 3124, 5742, 7213, 8624, 9921, 11185, 12482
2, 3030, 6055, 7530, 239485, 244286, 245750, 247011
3, 2061, 3977, 5189, 6413, 7618, 8835, 9996
4, 839, 1755, 1966, 2185, 2456, 2733, 2997
5, 634, 2171, 2367, 2564, 2754, 2943, 3145
6, 494, 1484, 2767, 2960, 3152, 3346, 3547
7, 823, 3088, 3274, 3454, 3641, 3826, 4019
8, 553, 1231, 1420, 1605, 1787, 1975, 2170
7, 3073, 5639, 7019, 8333, 9597, 10755, 11991
1, 699, 1369, 1597, 1836, 2054, 2265, 2535
2, 1746, 4779, 4996, 5202, 5410, 5615, 5823
3, 723, 1306, 1585, 1828, 2037, 2256, 2473
4, 1954, 3823, 4056, 4284, 4551, 4763, 4966
5, 1408, 3942, 4229, 4465, 4695, 4902, 5110
6, 819, 1599, 2390, 2874, 3286, 3542, 3803
7, 712, 1492, 1828, 2045, 2260, 2484, 2703
8, 611, 1128, 1374, 1624, 1833, 2040, 2248
9, 602, 1632, 1867, 2082, 2288, 2491, 2695
10, 422, 1147, 1388, 1610, 1850, 2104, 2322
11, 375, 762, 1003, 1529, 1788, 2059, 2291
12, 538, 1389, 1674, 1899, 2111, 2331, 2548
1, 3231, 5766, 7308, 8689, 10022, 11397, 12629
2, 946, 2106, 2342, 2611, 3325, 3613, 3875
3, 3710, 5019, 5244, 5784, 5990, 6194, 6395
4, 664, 4370, 4579, 4820, 5048, 5267, 5475
5, 767, 1414, 1636, 1872, 2102, 2338, 2597
6, 1417, 4217, 4408, 4599, 4781, 4959, 5174
7, 869, 2437, 2625, 2809, 2990, 3177, 3374
8, 540, 1241, 1434, 1625, 1812, 2000, 2201
9, 459, 834, 1023, 1209, 1400, 1591, 2374
1, 3569, 6394, 7794, 9010, 10249, 11574, 12974
2, 804, 4589, 4781, 4976, 5167, 5363, 5566
3, 804, 1552, 1848, 2058, 2276, 2512, 2735
4, 3169, 6030, 7491, 8729, 9990, 11440, 12734
5, 544, 1739, 1937, 2126, 2320, 2504, 2707
6, 553, 1521, 1724, 1915, 2105, 3299, 3513
7, 529, 1221, 1414, 1608, 1794, 1983, 2183
8, 564, 1234, 1419, 1606, 1786, 1961, 2154
9, 2950, 5464, 6808, 7985, 9255, 10443, 11707
10, 3156, 5807, 6521, 6923, 7130, 7350, 7575
11, 977, 2272, 2459, 2641, 2823, 3001, 3190
12, 1752, 4228, 4422, 4619, 4817, 5012, 5223
13, 1412, 4041, 4224, 4413, 4589, 4767, 5067
14, 566, 1286, 1490, 1689, 1885, 2078, 2285
15, 466, 807, 1026, 1222, 1419, 1612, 1812
1, 3031, 6258, 7749, 12887, 14313, 15682, 17026
2, 955, 2586, 2780, 2974, 3163, 3354, 3549
3, 888, 3167, 3362, 3553, 3746, 3936, 4136
4, 845, 2888, 3085, 3280, 3474, 3665, 3864
5, 1495, 2261, 2456, 2653, 2849, 3043, 3242
6, 526, 2166, 2364, 2546, 2733, 2920, 3111
7, 1474, 4472, 4669, 4865, 5054, 5241, 5439
8, 7498, 10230, 10407, 11557, 11734, 11908, 12224
1, 3366, 6022, 7408, 8680, 9991, 17596, 18998
2, 1330, 3171, 3367, 3562, 3784, 3976, 4407
3, 674, 2437, 2630, 2818, 4993, 5395, 5593
4, 504, 895, 1088, 1275, 1486, 1669, 1869
5, 920, 4113, 4316, 4523, 4823, 5027, 5252
6, 390, 1037, 1241, 1474, 1731, 1972, 2239
7, 456, 1029, 1281, 1499, 1721, 1971, 2221
8, 383, 742, 977, 1240, 1468, 1731, 1968
9, 779, 2620, 3148, 3364, 3586, 3794, 3994
10, 624, 1426, 1629, 1831, 2038, 2243, 2447
11, 1392, 4229, 4438, 5347, 5553, 5757, 5964
12, 2826, 6240, 6533, 6758, 8033, 8363, 8557
13, 832, 1591, 1837, 2074, 2412, 2648, 2975
14, 423, 882, 1152, 1376, 1594, 1862, 2128
15, 1044, 2662, 2882, 3098, 3306, 3516, 3726
16, 1046, 1785, 2092, 2375, 2694, 2949, 3168
17, 1016, 1631, 1844, 2046, 2265, 2516, 2772
1, 3394, 5932, 7283, 8435, 9794, 10985, 12193
2, 1179, 3392, 3609, 4046, 4437, 4654, 4892
3, 3744, 7055, 8888, 10504, 12088, 13820, 15310
4, 3857, 7991, 9343, 10543, 11868, 13124, 14342
5, 3910, 7446, 9180, 10841, 12346, 14090, 15737
6, 1591, 2854, 3443, 3957, 4454, 4930, 5401
7, 3883, 6961, 8732, 10341, 11863, 13299, 14768
8, 3817, 7541, 10189, 11522, 12822, 14088, 15327
9, 4152, 7305, 9026, 10621, 12210, 13954, 15723
10, 722, 2403, 2594, 2778, 2962, 3147, 3461
11, 591, 2725, 2912, 3102, 3287, 3466, 3661
12, 705, 1784, 2506, 2745, 3002, 3300, 3530
11, 7985, 10999, 12901, 14576, 16223, 17723, 19168
12, 616, 1421, 1761, 1998, 2245, 2485, 2735
13, 585, 1867, 2055, 2237, 2423, 2610, 2806
14, 573, 1593, 1784, 1968, 2149, 2328, 3515
15, 543, 1836, 3432, 3626, 3810, 3998, 4194
16, 559, 1326, 1514, 1696, 1880, 2065, 2256
1, 3951, 6448, 7695, 9272, 10433, 11778, 13016
2, 955, 3843, 4060, 4266, 4460, 4646, 4847
3, 646, 1638, 2056, 2294, 2547, 2791, 3010
4, 775, 2679, 2873, 3068, 3260, 3454, 3650
5, 526, 1626, 1818, 2016, 2209, 2397, 2595
6, 430, 725, 921, 1126, 1321, 1538, 1744
7, 449, 1240, 1461, 1660, 1857, 2051, 2244
8, 461, 1199, 1382, 1578, 1758, 1936, 2107
9, 3375, 6074, 7439, 8858, 10074, 11365, 12665
10, 485, 1401, 1588, 1771, 1955, 2130, 2319
11, 503, 1356, 1540, 1718, 1899, 2096, 2292
12, 364, 754, 1006, 1250, 1493, 1745, 1996
13, 454, 744, 930, 1112, 1286, 1462, 1650
1, 3764, 7369, 9077, 10696, 12124, 13665, 15201
2, 2178, 4707, 5385, 6011, 6514, 7009, 7552
3, 3077, 5785, 7152, 8402, 9641, 10949, 12335
4, 3135, 6143, 7506, 9387, 10615, 11884, 12984
5, 1068, 2368, 2753, 3047, 3259, 3467, 3664
6, 1849, 4032, 4275, 4466, 4662, 4869, 5069
7, 1632, 4020, 5180, 5386, 5663, 5869, 6083
8, 566, 1374, 1560, 1743, 1928, 2108, 2306
9, 652, 1681, 1877, 2069, 2257, 2446, 2645
10, 769, 1443, 1630, 1825, 2015, 2206, 2395
11, 629, 1572, 1768, 1965, 2158, 2354, 2554
12, 3770, 7577, 9499, 11224, 12897, 14665, 16307
13, 530, 1747, 1942, 2137, 2326, 2517, 2718
14, 512, 1204, 1395, 1579, 1766, 1947, 2136
15, 461, 793, 981, 1165, 1348, 1534, 1729
1, 3728, 6633, 8280, 13832, 15493, 17029, 18637
2, 669, 2192, 2382, 2573, 3001, 3186, 3386
3, 634, 2419, 2613, 2806, 3369, 3554, 3749
4, 1843, 5664, 9536, 9731, 10223, 10408, 10606
5, 967, 3624, 3819, 4006, 4199, 4388, 4590
6, 588, 1559, 1753, 1944, 2128, 2317, 2524
7, 455, 856, 1050, 1244, 1435, 1620, 1819
8, 531, 2447, 2638, 2827, 3012, 3190, 3380
9, 788, 1493, 1882, 2135, 2335, 2536, 2735
10, 4116, 7143, 9024, 10560, 12138, 13671, 15154
11, 531, 1495, 1684, 1870, 2058, 2280, 2477
12, 340, 852, 1081, 1289, 1505, 1701, 1899
13, 567, 1530, 1723, 1918, 2111, 2300, 2501
14, 953, 1258, 1450, 1640, 1826, 2007, 2202
15, 276, 531, 702, 876, 1048, 1218, 1385
16, 201, 414, 591, 766, 942, 1112, 1283
17, 1848, 2951, 3145, 3337, 3532, 3719, 3927
18, 473, 1211, 1408, 1600, 1793, 1982, 2210
19, 492, 928, 1146, 1417, 1684, 1914, 2150
20, 434, 790, 1074, 1329, 1564, 1840, 2091
21, 346, 783, 1058, 1315, 1554, 1798, 2046
22, 1574, 4164, 4383, 4788, 6058, 6295, 6514
23, 535, 1155, 1392, 1603, 1840, 2084, 2323
24, 340, 773, 1029, 1249, 1457, 1682, 1917
25, 361, 687, 940, 1161, 1390, 1628, 1873
26, 643, 1364, 1675, 1876, 2117, 2318, 2514
27, 377, 715, 1024, 1246, 1461, 1682, 1934
28, 354, 683, 911, 1154, 1403, 1611, 1809
29, 347, 618, 871, 1092, 1307, 1540, 1768
30, 350, 650, 864, 1080, 1311, 1535, 1770
1, 1041, 2129, 2553, 2928, 3288, 3636, 3991
2, 627, 1494, 1840, 2152, 2424, 2663, 2912
3, 684, 1417, 1614, 1808, 2001, 2199, 2402
4, 407, 850, 1073, 1330, 1593, 1804, 2042
5, 527, 1647, 1890, 2099, 2315, 2533, 2765
6, 337, 758, 956, 1149, 1336, 1520, 1706
7, 531, 1625, 1823, 2011, 2193, 2384, 2580
8, 551, 1888, 2079, 2276, 2473, 2668, 2869
9, 403, 737, 959, 1205, 1404, 1614, 1819
10, 788, 1379, 1676, 1937, 2191, 2395, 2621
12, 392, 746, 973, 1201, 1419, 1649, 1854
13, 315, 599, 819, 1023, 1228, 1453, 1669
11, 587, 989, 1251, 1495, 1726, 1938, 2196
14, 611, 1285, 1574, 1838, 2089, 2338, 2579
15, 563, 1782, 1972, 2158, 2339, 2523, 3415
16, 425, 752, 937, 1125, 1307, 1487, 1677
17, 493, 1025, 1209, 1392, 1569, 1742, 1927
18, 456, 760, 947, 1131, 1314, 1492, 1680
19, 426, 737, 926, 1116, 1300, 1484, 1676
20, 247, 489, 658, 826, 994, 1161, 1328
21, 611, 2072, 2264, 2460, 2648, 2835, 3037
22, 348, 773, 1403, 1610, 1813, 2010, 2218
23, 468, 761, 957, 1154, 1346, 1534, 1733
24, 508, 1245, 1431, 1622, 1810, 1994, 2189
25, 368, 681, 887, 1133, 1377, 1593, 1818
26, 456, 757, 941, 1127, 1313, 1498, 1692
1, 824, 2163, 2686, 2930, 3447, 3703, 3944
2, 1252, 1915, 2112, 2307, 2495, 2684, 2881
3, 749, 1463, 1691, 1898, 2116, 2351, 2576
4, 707, 1584, 1784, 1989, 2194, 2402, 2605
5, 581, 1258, 1467, 1668, 1885, 2263, 2482
6, 410, 766, 1038, 1288, 1533, 1755, 2018
7, 385, 754, 993, 1275, 1531, 1753, 2000
1, 3030, 6061, 7669, 9005, 10238, 11569, 12902
2, 853, 1970, 2161, 2348, 2565, 2753, 2957
3, 795, 2114, 2316, 2507, 3199, 3390, 3719
4, 516, 1277, 2654, 2848, 3036, 3224, 3421
5, 2692, 6113, 6679, 8706, 9106, 9341, 9576
6, 1354, 6518, 6717, 6908, 7094, 7299, 7495
7, 798, 2003, 2190, 2374, 2563, 2752, 2942
8, 1218, 4121, 4317, 4508, 4699, 4885, 5082
9, 827, 1395, 1584, 1767, 1953, 2139, 2330
10, 578, 1364, 1550, 1740, 1933, 2114, 2305
11, 636, 1799, 2246, 2509, 2769, 3034, 4086
12, 1010, 1967, 2148, 2331, 2511, 2694, 2886
13, 283, 708, 883, 1054, 1227, 1731, 1910
14, 300, 721, 957, 1189, 1423, 1673, 1930
15, 581, 1512, 1701, 1891, 2079, 2263, 2455
16, 442, 785, 969, 1154, 1333, 1515, 1708
17, 463, 835, 1022, 1205, 1385, 1567, 1760
18, 289, 543, 714, 1037, 1213, 1387, 1555
19, 635, 1867, 2091, 2321, 2523, 2735, 2944
1, 436, 1190, 1376, 1562, 1748, 1935, 2134
2, 900, 3374, 4218, 4434, 4650, 4852, 5063
3, 345, 758, 954, 1140, 1324, 1863, 2059
4, 548, 1200, 1406, 1604, 1788, 1980, 2185
5, 332, 648, 844, 1047, 1251, 1454, 1661
6, 554, 1277, 1467, 1660, 1851, 2041, 2243
7, 464, 842, 1036, 1225, 1417, 1605, 1803
8, 647, 1141, 1355, 1579, 1809, 2026, 2238
9, 481, 806, 998, 1181, 1369, 1552, 1751
10, 299, 579, 757, 937, 1116, 1291, 1463
1, 2616, 4654, 5715, 6779, 7829, 8848, 9928
2, 544, 1168, 1364, 1549, 1740, 1981, 2184
3, 562, 1366, 1557, 1749, 1939, 2131, 2331
4, 613, 1993, 2185, 2384, 2575, 2767, 2972
5, 410, 801, 1032, 1278, 1594, 1824, 2061
6, 247, 569, 754, 945, 1124, 1302, 1474
7, 569, 1287, 1481, 1673, 1861, 2050, 2245
8, 458, 900, 1089, 1274, 1461, 1650, 1846
9, 673, 1732, 1924, 2111, 2295, 2481, 2672
10, 436, 989, 1168, 1344, 1517, 1713, 1900
11, 425, 740, 928, 1114, 1296, 1480, 1718
12, 291, 548, 728, 903, 1076, 1250, 1418
13, 482, 1200, 1398, 1595, 1794, 1993, 2199
1, 3366, 6475, 8091, 9516, 10814, 12166, 13490
2, 555, 1469, 1665, 1854, 2046, 2241, 2442
3, 338, 663, 882, 1129, 1379, 1630, 1834
4, 735, 2284, 2485, 2682, 2888, 3561, 3772
5, 521, 2249, 2481, 2704, 2901, 3327, 3614
6, 583, 1108, 1321, 1539, 1757, 1971, 2186
7, 429, 1095, 1336, 1593, 1901, 2158, 2408
8, 397, 764, 1007, 1239, 1482, 1754, 1980
9, 737, 2122, 2352, 2562, 2761, 2958, 3167
10, 561, 2155, 2379, 2594, 2799, 3005, 3222
11, 427, 848, 1109, 1370, 1619, 2024, 2239
12, 399, 775, 1030, 1265, 1509, 1780, 2030
13, 1512, 2842, 3532, 4178, 4757, 5342, 5904
14, 805, 2655, 3047, 3239, 3452, 3642, 3839
15, 478, 1302, 1540, 1738, 1932, 2147, 2564
16, 348, 839, 1139, 1394, 1650, 1889, 2132
17, 341, 688, 954, 1179, 1404, 1691, 1906
18, 1496, 2670, 2850, 3026, 3201, 3373, 3562
19, 1300, 2571, 2762, 2940, 3127, 3303, 3468
20, 462, 821, 1025, 1229, 1414, 1599, 2283
21, 491, 913, 1186, 1431, 1655, 1866, 2066
22, 382, 687, 901, 1098, 1297, 1509, 1727
23, 382, 745, 997, 1218, 1434, 1692, 1935
24, 1209, 2536, 2730, 2925, 3240, 3432, 3615
